predicted_risk,planned_duration_days,actual_duration_days,team_size,num_bugs,num_change_requests,delivery_delay_days,budget_overrun_pct
High,149.68139349965213,166.84897127522115,16.895189344995526,49.66529172050492,10.370539707782527,17.16757777556903,0.28856574893151776
Low,147.76607538802662,137.41075388026607,17.245565410199557,49.19955654101996,4.971729490022173,-10.355321507760532,0.004684035476718404
Medium,149.83895853423337,158.46673095467696,17.048698167791706,48.84329797492767,5.0274831243973,8.627772420443588,0.09235776277724204
